Date,Open,Close,High,Low
2023-07-09 16:00:00,2.097003,2.108314,2.109086,2.086916
2023-07-09 20:00:00,2.101559,2.068729,2.104353,2.066805
2023-07-10 00:00:00,2.072851,2.025286,2.072851,1.995
2023-07-10 04:00:00,2.02411,2.007347,2.027499,2.002153
2023-07-10 08:00:00,2.005062,2.006229,2.023332,1.980646
2023-07-10 12:00:00,2.004086,2.030414,2.037662,1.996521
2023-07-10 16:00:00,2.030414,2.073,2.074037,2.01599
2023-07-10 20:00:00,2.074038,2.038679,2.090612,2.033147
2023-07-11 00:00:00,2.0441,2.042819,2.04671,2.023991
2023-07-11 04:00:00,2.040846,2.04871,2.059958,2.040846
2023-07-11 08:00:00,2.04855,2.038117,2.056395,2.02686
2023-07-11 12:00:00,2.039169,2.034779,2.045439,2.005075
2023-07-11 16:00:00,2.028168,2.014916,2.038013,2.007062
2023-07-11 20:00:00,2.014916,2.03198,2.03507,2.01283
2023-07-12 00:00:00,2.03198,2.054873,2.063261,2.02819
2023-07-12 04:00:00,2.048141,2.07103,2.076455,2.045305
2023-07-12 08:00:00,2.065005,2.049141,2.068708,2.049141
2023-07-12 12:00:00,2.050975,2.03806,2.079318,2.032729
2023-07-12 16:00:00,2.036784,2.018154,2.037375,1.994273
2023-07-12 20:00:00,2.006755,2.04865,2.056678,2.006755
2023-07-13 00:00:00,2.05065,2.006,2.05065,2.006
2023-07-13 04:00:00,2.005986,2.02223,2.03507,1.99409
2023-07-13 08:00:00,2.03203,2.076657,2.084112,2.019827
2023-07-13 12:00:00,2.073678,2.11667,2.142359,2.0497
2023-07-13 16:00:00,2.117322,2.155493,2.191243,2.115083
2023-07-13 20:00:00,2.155693,2.185611,2.18981,2.11924
2023-07-14 00:00:00,2.183897,2.185069,2.237423,2.170912
2023-07-14 04:00:00,2.18955,2.314536,2.802588,2.17996
2023-07-14 08:00:00,2.310046,2.589246,2.625116,2.288704
2023-07-14 12:00:00,2.589245,2.989635,3.3,2.556928
2023-07-14 16:00:00,2.975,2.755259,3.036403,2.70186
2023-07-14 20:00:00,2.75944,2.735667,2.820293,2.68352
2023-07-15 00:00:00,2.72904,2.60482,2.732115,2.577087
2023-07-15 04:00:00,2.59688,2.603389,2.649566,2.557744
2023-07-15 08:00:00,2.603121,2.730653,2.750246,2.584417
2023-07-15 12:00:00,2.71585,2.719536,2.939646,2.703834
2023-07-15 16:00:00,2.715,2.77612,2.800924,2.67691
2023-07-15 20:00:00,2.78363,2.824483,2.824483,2.738182
2023-07-16 00:00:00,2.824483,2.79709,2.871724,2.769764
2023-07-16 04:00:00,2.807407,2.740548,2.88855,2.736164
2023-07-16 08:00:00,2.747507,2.748158,2.759161,2.71854
2023-07-16 12:00:00,2.758942,2.672708,2.8112,2.664064
2023-07-16 16:00:00,2.673348,2.625764,2.711441,2.621572
2023-07-16 20:00:00,2.622874,2.641058,2.662869,2.616914
2023-07-17 00:00:00,2.63751,2.756338,2.796862,2.63751
2023-07-17 04:00:00,2.756338,2.67479,2.759661,2.670612
2023-07-17 08:00:00,2.67479,2.615523,2.693567,2.583664
2023-07-17 12:00:00,2.619612,2.582405,2.629627,2.573237
2023-07-17 16:00:00,2.585138,2.566418,2.61568,2.530809
2023-07-17 20:00:00,2.57,2.659909,2.660112,2.568388
2023-07-18 00:00:00,2.660486,2.709284,2.728495,2.634896
2023-07-18 04:00:00,2.709283,2.62907,2.71,2.622196
2023-07-18 08:00:00,2.628703,2.608633,2.73901,2.608633
2023-07-18 12:00:00,2.608702,2.653199,2.658018,2.584228
2023-07-18 16:00:00,2.639123,2.605839,2.679934,2.59468
2023-07-18 20:00:00,2.608009,2.6087,2.624722,2.582524
2023-07-19 00:00:00,2.601067,2.779567,2.811824,2.594406
2023-07-19 04:00:00,2.781689,2.754713,2.832678,2.745504
2023-07-19 08:00:00,2.758853,2.807552,2.824503,2.736027
2023-07-19 12:00:00,2.805,2.764921,2.812378,2.748503
2023-07-19 16:00:00,2.769188,2.7502,2.793062,2.740681
2023-07-19 20:00:00,2.748926,2.71485,2.748926,2.702988
2023-07-20 00:00:00,2.706749,2.725496,2.732809,2.706749
2023-07-20 04:00:00,2.729023,2.724635,2.757524,2.704935
2023-07-20 08:00:00,2.715441,3.126671,3.165899,2.70912
2023-07-20 12:00:00,3.136261,2.957623,3.16111,2.924672
2023-07-20 16:00:00,2.956801,2.900112,2.972472,2.875762
2023-07-20 20:00:00,2.897416,2.900922,2.938244,2.873756
2023-07-21 00:00:00,2.899441,3.0024,3.018947,2.851172
2023-07-21 04:00:00,3.002689,3.002181,3.059692,2.98565
2023-07-21 08:00:00,3.005081,3.00827,3.054077,2.973635
2023-07-21 12:00:00,3.012606,3.123506,3.224573,3.006176
2023-07-21 16:00:00,3.128125,3.134285,3.196,3.091747
2023-07-21 20:00:00,3.133843,2.992592,3.137539,2.97298
2023-07-22 00:00:00,2.996209,3.007456,3.027849,2.981024
2023-07-22 04:00:00,3.002529,3.005636,3.016908,2.932687
2023-07-22 08:00:00,3.007252,2.976908,3.018405,2.975796
2023-07-22 12:00:00,2.981359,2.990331,3.014882,2.970477
2023-07-22 16:00:00,2.99789,3.050561,3.085247,2.99789
2023-07-22 20:00:00,3.050784,3.004899,3.061358,2.969367
2023-07-23 00:00:00,3.003631,3.052465,3.08768,2.986251
2023-07-23 04:00:00,3.052845,3.082034,3.118109,3.035474
2023-07-23 08:00:00,3.081887,2.907993,3.133864,2.8875
2023-07-23 12:00:00,2.89748,2.909712,2.922576,2.863321
2023-07-23 16:00:00,2.908318,2.898467,2.938435,2.891366
2023-07-23 20:00:00,2.893897,2.896082,2.909545,2.87591
2023-07-24 00:00:00,2.891366,2.866521,2.935704,2.845458
2023-07-24 04:00:00,2.866505,2.828485,2.867328,2.7888
2023-07-24 08:00:00,2.821983,2.813933,2.84908,2.720233
2023-07-24 12:00:00,2.819943,2.813915,2.871404,2.768864
2023-07-24 16:00:00,2.821471,2.78261,2.842724,2.773804
2023-07-24 20:00:00,2.784422,2.775325,2.80137,2.754295
2023-07-25 00:00:00,2.775649,2.748004,2.78794,2.7445
2023-07-25 04:00:00,2.748301,2.732484,2.75205,2.723477
2023-07-25 08:00:00,2.734959,2.750617,2.83316,2.704551
2023-07-25 12:00:00,2.750617,2.773429,2.826386,2.728412
2023-07-25 16:00:00,2.776673,2.758165,2.792122,2.756448
2023-07-25 20:00:00,2.758165,2.746683,2.758165,2.733749
2023-07-26 00:00:00,2.751647,2.60205,2.751647,2.587164
2023-07-26 04:00:00,2.593722,2.605714,2.609174,2.56273
2023-07-26 08:00:00,2.60724,2.660111,2.690478,2.57481
2023-07-26 12:00:00,2.658412,2.729237,2.74724,2.65533
2023-07-26 16:00:00,2.734524,2.902069,2.947841,2.685397
2023-07-26 20:00:00,2.906435,2.828575,2.964207,2.810749
2023-07-27 00:00:00,2.828576,2.914805,2.951061,2.7834
2023-07-27 04:00:00,2.913974,2.906241,3.181917,2.831778
2023-07-27 08:00:00,2.908777,2.92631,3.019917,2.905077
2023-07-27 12:00:00,2.92648,2.897215,2.959625,2.885
2023-07-27 16:00:00,2.898039,2.875103,2.906241,2.844445
2023-07-27 20:00:00,2.874965,2.861128,2.88359,2.850445
2023-07-28 00:00:00,2.86394,2.829682,2.9125,2.823216
2023-07-28 04:00:00,2.824693,2.785831,2.824693,2.779462
2023-07-28 08:00:00,2.784536,2.778915,2.802589,2.767721
2023-07-28 12:00:00,2.778683,2.811759,2.854823,2.778115
2023-07-28 16:00:00,2.811759,2.78079,2.81176,2.76274
2023-07-28 20:00:00,2.775,2.820486,2.84032,2.773456
2023-07-29 00:00:00,2.817637,2.815722,2.884034,2.8125
2023-07-29 04:00:00,2.821438,2.83298,2.835984,2.815002
2023-07-29 08:00:00,2.828776,2.80237,2.828776,2.797258
2023-07-29 12:00:00,2.801165,2.81812,2.831293,2.801165
2023-07-29 16:00:00,2.816891,2.859049,2.863457,2.816891
2023-07-29 20:00:00,2.861149,2.843295,2.870313,2.83187
2023-07-30 00:00:00,2.838943,2.833622,2.84879,2.826862
2023-07-30 04:00:00,2.834467,2.81475,2.851172,2.809738
2023-07-30 08:00:00,2.809187,2.804647,2.815476,2.78751
2023-07-30 12:00:00,2.801535,2.74367,2.808159,2.743436
2023-07-30 16:00:00,2.743225,2.682207,2.749449,2.677536
2023-07-30 20:00:00,2.677535,2.717223,2.720115,2.63926
2023-07-31 00:00:00,2.717393,2.693399,2.800178,2.6875
2023-07-31 04:00:00,2.694549,2.69192,2.696258,2.663361
2023-07-31 08:00:00,2.687761,2.674756,2.715697,2.671495
2023-07-31 12:00:00,2.671494,2.55762,2.683667,2.55
2023-07-31 16:00:00,2.5518,2.537695,2.571415,2.533389
2023-07-31 20:00:00,2.548859,2.565375,2.575652,2.52756
2023-08-01 00:00:00,2.563719,2.488415,2.575,2.466
2023-08-01 04:00:00,2.488415,2.527067,2.544229,2.454477
2023-08-01 08:00:00,2.525311,2.501419,2.545614,2.497374
2023-08-01 12:00:00,2.501547,2.410409,2.504955,2.37161
2023-08-01 16:00:00,2.409592,2.451523,2.45471,2.394776
2023-08-01 20:00:00,2.45055,2.492951,2.494507,2.438202
2023-08-02 00:00:00,2.492244,2.457519,2.509612,2.456114
2023-08-02 04:00:00,2.457519,2.435563,2.458859,2.426979
2023-08-02 08:00:00,2.432318,2.548546,2.55456,2.422248
2023-08-02 12:00:00,2.548546,2.53853,2.618054,2.497374
2023-08-02 16:00:00,2.537655,2.510031,2.556725,2.493694
2023-08-02 20:00:00,2.508517,2.471151,2.5125,2.471014
2023-08-03 00:00:00,2.471964,2.464106,2.495437,2.433139
2023-08-03 04:00:00,2.464106,2.425989,2.464106,2.420803
2023-08-03 08:00:00,2.425614,2.43512,2.441015,2.404101
2023-08-03 12:00:00,2.435143,2.416952,2.443469,2.396672
2023-08-03 16:00:00,2.418885,2.420249,2.435171,2.407532
2023-08-03 20:00:00,2.419981,2.408909,2.44207,2.401312
2023-08-04 00:00:00,2.406034,2.398199,2.445457,2.391134
2023-08-04 04:00:00,2.397489,2.415227,2.418229,2.36
2023-08-04 08:00:00,2.415267,2.395785,2.447211,2.38854
2023-08-04 12:00:00,2.390406,2.470973,2.472384,2.388388
2023-08-04 16:00:00,2.469882,2.450174,2.5876,2.444938
2023-08-04 20:00:00,2.450004,2.497486,2.524109,2.436666
2023-08-05 00:00:00,2.498571,2.466988,2.540508,2.464872
2023-08-05 04:00:00,2.471508,2.49271,2.5037,2.461254
2023-08-05 08:00:00,2.4917,2.505024,2.533601,2.469792
2023-08-05 12:00:00,2.504763,2.530624,2.544229,2.478974
2023-08-05 16:00:00,2.528403,2.517696,2.550467,2.505814
2023-08-05 20:00:00,2.5125,2.544884,2.545406,2.505278
2023-08-06 00:00:00,2.542958,2.54332,2.59777,2.530546
2023-08-06 04:00:00,2.543306,2.573398,2.601624,2.528696
2023-08-06 08:00:00,2.56973,2.583056,2.58356,2.540112
2023-08-06 12:00:00,2.58356,2.53974,2.591234,2.52904
2023-08-06 16:00:00,2.54333,2.539865,2.568243,2.5272
2023-08-06 20:00:00,2.544205,2.546722,2.565173,2.535722
2023-08-07 00:00:00,2.545127,2.604257,2.647165,2.545127
2023-08-07 04:00:00,2.602926,2.544203,2.637811,2.540892
2023-08-07 08:00:00,2.544409,2.56541,2.581124,2.51882
2023-08-07 12:00:00,2.564819,2.4995,2.602027,2.491415
2023-08-07 16:00:00,2.491663,2.533389,2.548685,2.464872
2023-08-07 20:00:00,2.533389,2.521862,2.545892,2.519917
2023-08-08 00:00:00,2.52379,2.488885,2.535616,2.476437
2023-08-08 04:00:00,2.48091,2.470416,2.494605,2.46286
2023-08-08 08:00:00,2.46582,2.492528,2.49453,2.437645
2023-08-08 12:00:00,2.491244,2.567566,2.59289,2.488358
2023-08-08 16:00:00,2.563732,2.572206,2.618861,2.546931
2023-08-08 20:00:00,2.57283,2.579472,2.609054,2.562833
2023-08-09 00:00:00,2.58076,2.59867,2.61208,2.568243
2023-08-09 04:00:00,2.596975,2.614754,2.62393,2.595024
2023-08-09 08:00:00,2.614754,2.629271,2.640691,2.601358
2023-08-09 12:00:00,2.621676,2.579911,2.630594,2.579011
2023-08-09 16:00:00,2.58485,2.592659,2.632618,2.582146
2023-08-09 20:00:00,2.59132,2.593252,2.605568,2.568725
2023-08-10 00:00:00,2.59291,2.61408,2.625116,2.581579
2023-08-10 04:00:00,2.610552,2.601613,2.639238,2.595894
2023-08-10 08:00:00,2.606019,2.591712,2.657137,2.591712
2023-08-10 12:00:00,2.591828,2.59032,2.620857,2.579911
2023-08-10 16:00:00,2.588772,2.582242,2.596975,2.576859
2023-08-10 20:00:00,2.582914,2.584502,2.6104,2.55873
2023-08-11 00:00:00,2.585666,2.5805,2.60472,2.568243
2023-08-11 04:00:00,2.588232,2.583001,2.603872,2.583
2023-08-11 08:00:00,2.583,2.572027,2.59026,2.57051
2023-08-11 12:00:00,2.573504,2.538378,2.57637,2.535471
2023-08-11 16:00:00,2.535786,2.532974,2.548926,2.525
2023-08-11 20:00:00,2.536432,2.54355,2.54664,2.532247
2023-08-12 00:00:00,2.545863,2.529332,2.555789,2.529332
2023-08-12 04:00:00,2.528696,2.53976,2.54092,2.521197
2023-08-12 08:00:00,2.533233,2.545046,2.551379,2.533
2023-08-12 12:00:00,2.545046,2.552775,2.56135,2.542455
2023-08-12 16:00:00,2.559952,2.534481,2.56658,2.534481
2023-08-12 20:00:00,2.536882,2.543155,2.555598,2.532277
2023-08-13 00:00:00,2.542045,2.52763,2.547406,2.524634
2023-08-13 04:00:00,2.524634,2.52239,2.53458,2.515811
2023-08-13 08:00:00,2.521913,2.494671,2.521913,2.492528
2023-08-13 12:00:00,2.494503,2.495939,2.507671,2.483265
2023-08-13 16:00:00,2.498886,2.52545,2.52545,2.479955
2023-08-13 20:00:00,2.521963,2.508064,2.535962,2.492528
2023-08-14 00:00:00,2.498236,2.512799,2.512799,2.479852
2023-08-14 04:00:00,2.512799,2.502558,2.522814,2.4905
2023-08-14 08:00:00,2.505314,2.49004,2.51301,2.487591
2023-08-14 12:00:00,2.501266,2.521358,2.521358,2.483075
2023-08-14 16:00:00,2.518991,2.484394,2.546077,2.465541
2023-08-14 20:00:00,2.475316,2.486644,2.495992,2.474255
2023-08-15 00:00:00,2.489083,2.450709,2.497374,2.45
2023-08-15 04:00:00,2.452173,2.445536,2.452173,2.425808
2023-08-15 08:00:00,2.442501,2.464876,2.515673,2.442501
2023-08-15 12:00:00,2.463695,2.435943,2.47023,2.40307
2023-08-15 16:00:00,2.433,2.35623,2.439167,2.25
2023-08-15 20:00:00,2.348852,2.344577,2.373852,2.337754
2023-08-16 00:00:00,2.344578,2.316453,2.352767,2.316453
2023-08-16 04:00:00,2.328749,2.312972,2.34,2.303316
2023-08-16 08:00:00,2.312563,2.33945,2.341402,2.288704
2023-08-16 12:00:00,2.334602,2.31767,2.35842,2.306276
2023-08-16 16:00:00,2.31767,2.352122,2.382801,2.310208
2023-08-16 20:00:00,2.347452,2.312648,2.35404,2.25845
2023-08-17 00:00:00,2.308065,2.321849,2.35285,2.276689
2023-08-17 04:00:00,2.322205,2.32547,2.330188,2.308353
2023-08-17 08:00:00,2.325059,2.260409,2.326282,2.260165
2023-08-17 12:00:00,2.260782,2.228472,2.274758,2.211946
2023-08-17 16:00:00,2.229005,2.242228,2.260301,2.215246
2023-08-17 20:00:00,2.244335,2.076,2.244335,1.871767
2023-08-18 00:00:00,2.077029,2.073727,2.109231,2.04563
2023-08-18 04:00:00,2.075369,2.137145,2.1425,2.061822
2023-08-18 08:00:00,2.13879,2.170376,2.188069,2.137617
2023-08-18 12:00:00,2.165519,2.148626,2.177165,2.148626
2023-08-18 16:00:00,2.148174,2.155822,2.179663,2.121258
2023-08-18 20:00:00,2.159585,2.178888,2.18995,2.159585
2023-08-19 00:00:00,2.1804,2.189005,2.218638,2.17756
2023-08-19 04:00:00,2.189225,2.174797,2.196209,2.167835
2023-08-19 08:00:00,2.175655,2.198904,2.200857,2.174306
2023-08-19 12:00:00,2.2001,2.240418,2.240722,2.194944
2023-08-19 16:00:00,2.240237,2.239454,2.248105,2.225764
2023-08-19 20:00:00,2.24062,2.244568,2.244568,2.22394
2023-08-20 00:00:00,2.243142,2.229094,2.248902,2.221746
2023-08-20 04:00:00,2.22998,2.262864,2.262902,2.207126
2023-08-20 08:00:00,2.26127,2.243437,2.26127,2.239526
2023-08-20 12:00:00,2.241798,2.181083,2.241798,2.166055
2023-08-20 16:00:00,2.18047,2.171357,2.186941,2.164671
2023-08-20 20:00:00,2.171768,2.146,2.181552,2.1383
2023-08-21 00:00:00,2.144072,2.140923,2.153487,2.12871
2023-08-21 04:00:00,2.140923,2.122,2.147065,2.116915
2023-08-21 08:00:00,2.121844,2.104101,2.127925,2.074669
2023-08-21 12:00:00,2.105077,2.093948,2.134021,2.063017
2023-08-21 16:00:00,2.09439,2.112028,2.1124,2.088933
2023-08-21 20:00:00,2.108094,2.091723,2.108945,2.09
2023-08-22 00:00:00,2.09,2.075532,2.099955,2.069517
2023-08-22 04:00:00,2.075027,2.108027,2.118867,2.061334
2023-08-22 08:00:00,2.105588,2.09114,2.109918,2.086916
2023-08-22 12:00:00,2.09114,2.068126,2.097688,2.053821
2023-08-22 16:00:00,2.065607,2.039527,2.073727,2.009853
2023-08-22 20:00:00,2.042529,2.071064,2.076791,1.986164
2023-08-23 00:00:00,2.072433,2.079374,2.100322,2.072433
2023-08-23 04:00:00,2.077246,2.088888,2.09903,2.070645
2023-08-23 08:00:00,2.09213,2.077389,2.095199,2.076378
2023-08-23 12:00:00,2.081563,2.103003,2.103003,2.066805
2023-08-23 16:00:00,2.103772,2.22033,2.247517,2.103749
2023-08-23 20:00:00,2.22047,2.13585,2.22047,2.129096
2023-08-24 00:00:00,2.136009,2.127429,2.140311,2.121258
2023-08-24 04:00:00,2.129429,2.133773,2.15525,2.11853
2023-08-24 08:00:00,2.13323,2.117,2.13323,2.117
2023-08-24 12:00:00,2.116368,2.056427,2.116368,2.055179
2023-08-24 16:00:00,2.057384,2.077093,2.087077,2.049182
2023-08-24 20:00:00,2.073376,2.0823,2.0823,2.04
2023-08-25 00:00:00,2.065515,2.02572,2.077015,2.002723
2023-08-25 04:00:00,2.027006,2.067775,2.081084,2.016425
2023-08-25 08:00:00,2.064665,2.041935,2.066982,2.04088
2023-08-25 12:00:00,2.04088,2.036506,2.070963,2.023991
2023-08-25 16:00:00,2.037434,2.03803,2.04563,2.016312
2023-08-25 20:00:00,2.038402,2.066189,2.066189,2.038402
2023-08-26 00:00:00,2.06336,2.070553,2.074796,2.05066
2023-08-26 04:00:00,2.0735,2.05692,2.0735,2.056024
2023-08-26 08:00:00,2.06693,2.069426,2.075571,2.05735
2023-08-26 12:00:00,2.072842,2.073853,2.086246,2.06575
2023-08-26 16:00:00,2.077715,2.074003,2.078571,2.065515
2023-08-26 20:00:00,2.070913,2.071597,2.078147,2.066318
2023-08-27 00:00:00,2.077956,2.081985,2.090704,2.070542
2023-08-27 04:00:00,2.0788,2.081477,2.091346,2.076952
2023-08-27 08:00:00,2.0781,2.083923,2.090291,2.07208
2023-08-27 12:00:00,2.083923,2.134065,2.14336,2.081545
2023-08-27 16:00:00,2.132787,2.108416,2.1581,2.101642
2023-08-27 20:00:00,2.110168,2.10807,2.113532,2.093842
2023-08-28 00:00:00,2.107595,2.09748,2.11,2.075
2023-08-28 04:00:00,2.097629,2.10421,2.13076,2.089012
2023-08-28 08:00:00,2.102571,2.11853,2.12171,2.090321
2023-08-28 12:00:00,2.119582,2.116024,2.144239,2.1113
2023-08-28 16:00:00,2.1136,2.090232,2.124918,2.082984
2023-08-28 20:00:00,2.090232,2.080428,2.090232,2.077246
2023-08-29 00:00:00,2.076378,2.076232,2.08756,2.068488
2023-08-29 04:00:00,2.080847,2.058943,2.085659,2.058943
2023-08-29 08:00:00,2.058442,2.041554,2.058442,2.029832
2023-08-29 12:00:00,2.041165,2.088736,2.140518,2.03754
2023-08-29 16:00:00,2.092286,2.089507,2.11853,2.0809
2023-08-29 20:00:00,2.091239,2.059225,2.095141,2.054735
2023-08-30 00:00:00,2.05954,2.057083,2.087241,2.03801
2023-08-30 04:00:00,2.057362,2.070232,2.0719,2.0428
2023-08-30 08:00:00,2.070294,2.03937,2.075488,2.037429
2023-08-30 12:00:00,2.037053,2.032279,2.053524,2.018321
2023-08-30 16:00:00,2.030304,1.992269,2.03054,1.987391
2023-08-30 20:00:00,1.991128,1.989253,2.014484,1.989253
2023-08-31 00:00:00,1.989053,1.95838,1.989053,1.934953
2023-08-31 04:00:00,1.958229,1.973109,1.98799,1.957711
2023-08-31 08:00:00,1.970901,2.007657,2.022642,1.951447
2023-08-31 12:00:00,2.005956,1.972832,2.028012,1.967101
2023-08-31 16:00:00,1.969109,1.931373,1.99716,1.897302
2023-08-31 20:00:00,1.93026,1.928073,1.944639,1.911277
2023-09-01 00:00:00,1.938152,1.952104,1.952104,1.935112
2023-09-01 04:00:00,1.9498,1.9351,1.9498,1.926698
2023-09-01 08:00:00,1.943629,1.935624,1.944183,1.925836
2023-09-01 12:00:00,1.944183,1.915344,1.94652,1.89853
2023-09-01 16:00:00,1.907913,1.920804,1.937107,1.9017
2023-09-01 20:00:00,1.924292,1.93479,1.957862,1.922529
2023-09-02 00:00:00,1.932175,1.93878,1.944444,1.925464
2023-09-02 04:00:00,1.944183,1.921943,1.94478,1.912
2023-09-02 08:00:00,1.921529,1.947603,1.950159,1.905155
2023-09-02 12:00:00,1.95006,1.961366,1.982933,1.941648
2023-09-02 16:00:00,1.957865,1.962648,1.97104,1.950159
2023-09-02 20:00:00,1.959,1.971023,1.972101,1.954252
2023-09-03 00:00:00,1.971023,1.983834,1.983834,1.964435
2023-09-03 04:00:00,1.983735,1.969353,1.984197,1.967101
2023-09-03 08:00:00,1.97006,1.99482,2.017738,1.97006
2023-09-03 12:00:00,1.992627,1.964239,2.036769,1.963009
2023-09-03 16:00:00,1.96301,2.017875,2.01922,1.948915
2023-09-03 20:00:00,2.01932,1.997341,2.025926,1.987921
2023-09-04 00:00:00,1.999221,2.148687,2.201974,1.998074
2023-09-04 04:00:00,2.151704,2.20489,2.310869,2.084216
2023-09-04 08:00:00,2.203539,2.199448,2.296678,2.19607
2023-09-04 12:00:00,2.20354,2.189701,2.237789,2.136595
2023-09-04 16:00:00,2.188577,2.181143,2.19955,2.145809
2023-09-04 20:00:00,2.177896,2.183828,2.196268,2.142882
2023-09-05 00:00:00,2.183821,2.158478,2.224949,2.127791
2023-09-05 04:00:00,2.156074,2.1943,2.201822,2.143855
2023-09-05 08:00:00,2.196078,2.234397,2.240736,2.196078
2023-09-05 12:00:00,2.23445,2.24845,2.264445,2.184955
2023-09-05 16:00:00,2.248197,2.274563,2.303421,2.229982
2023-09-05 20:00:00,2.273774,2.256956,2.281587,2.255011
2023-09-06 00:00:00,2.259262,2.242853,2.273282,2.23779
2023-09-06 04:00:00,2.246495,2.330878,2.409583,2.214831
2023-09-06 08:00:00,2.332786,2.491961,2.548685,2.326576
2023-09-06 12:00:00,2.491962,2.320693,2.5,2.311167
2023-09-06 16:00:00,2.319817,2.322144,2.392464,2.301637
2023-09-06 20:00:00,2.327098,2.289202,2.344135,2.266376
2023-09-07 00:00:00,2.285012,2.324216,2.329197,2.283192
2023-09-07 04:00:00,2.324216,2.30762,2.331464,2.29905
2023-09-07 08:00:00,2.306711,2.321781,2.361326,2.26974
2023-09-07 12:00:00,2.320171,2.332326,2.37729,2.306
2023-09-07 16:00:00,2.324961,2.288674,2.351659,2.28219
2023-09-07 20:00:00,2.288912,2.29398,2.331314,2.276743
2023-09-08 00:00:00,2.29567,2.25059,2.323064,2.240536
2023-09-08 04:00:00,2.247515,2.249563,2.274533,2.227714
2023-09-08 08:00:00,2.247564,2.182025,2.247567,2.1776
2023-09-08 12:00:00,2.177704,2.18363,2.203636,2.175272
2023-09-08 16:00:00,2.181007,2.182025,2.198295,2.177563
2023-09-08 20:00:00,2.185245,2.17532,2.203398,2.150235
2023-09-09 00:00:00,2.17365,2.18078,2.25774,2.13705
2023-09-09 04:00:00,2.18078,2.171476,2.184384,2.161532
2023-09-09 08:00:00,2.170381,2.169484,2.19042,2.168548
2023-09-09 12:00:00,2.167942,2.176931,2.183123,2.14791
2023-09-09 16:00:00,2.176842,2.178548,2.187238,2.166736
2023-09-09 20:00:00,2.180691,2.17565,2.193545,2.1695
2023-09-10 00:00:00,2.17031,2.153156,2.18199,2.141975
2023-09-10 04:00:00,2.143855,2.14782,2.149457,2.053901
2023-09-10 08:00:00,2.1457,2.163553,2.193545,2.138205
2023-09-10 12:00:00,2.163284,2.15038,2.170855,2.120235
2023-09-10 16:00:00,2.14785,2.147065,2.14785,2.111386
2023-09-10 20:00:00,2.137936,2.143139,2.15888,2.135665
2023-09-11 00:00:00,2.141622,2.15091,2.156415,2.12798
2023-09-11 04:00:00,2.145208,2.120978,2.15888,2.120636
2023-09-11 08:00:00,2.12,2.069098,2.12179,2.012587
2023-09-11 12:00:00,2.068225,2.074486,2.093331,2.049239
2023-09-11 16:00:00,2.072817,2.038436,2.087259,2.022299
2023-09-11 20:00:00,2.038689,2.045061,2.052665,2.03083
2023-09-12 00:00:00,2.04717,2.11108,2.121257,2.028012
2023-09-12 04:00:00,2.109407,2.086338,2.111439,2.071473
2023-09-12 08:00:00,2.086932,2.127929,2.16401,2.084215
2023-09-12 12:00:00,2.12366,2.09232,2.12566,2.076442
2023-09-12 16:00:00,2.09031,2.074301,2.104578,2.042076
2023-09-12 20:00:00,2.074516,2.037668,2.078055,2.029832
2023-09-13 00:00:00,2.03766,2.031828,2.061719,2.029832
2023-09-13 04:00:00,2.044668,2.08928,2.135665,2.044668
2023-09-13 08:00:00,2.085808,2.061041,2.135665,2.058405
2023-09-13 12:00:00,2.058405,2.088996,2.097303,2.049239
2023-09-13 16:00:00,2.088464,2.127678,2.141375,2.079085
2023-09-13 20:00:00,2.12678,2.084402,2.151829,2.084215
2023-09-14 00:00:00,2.090071,2.096533,2.142245,2.085615
2023-09-14 04:00:00,2.097531,2.100354,2.100354,2.077607
2023-09-14 08:00:00,2.093734,2.088207,2.093734,2.065719
2023-09-14 12:00:00,2.088544,2.083311,2.104578,2.077607
2023-09-14 16:00:00,2.081303,2.093804,2.109231,2.070542
2023-09-14 20:00:00,2.093804,2.115027,2.131587,2.087599
2023-09-15 00:00:00,2.11958,2.142862,2.150749,2.116328
2023-09-15 04:00:00,2.144039,2.12303,2.161254,2.117718
2023-09-15 08:00:00,2.120125,2.111386,2.133359,2.107086
2023-09-15 12:00:00,2.112286,2.12538,2.128054,2.111386
2023-09-15 16:00:00,2.121407,2.139542,2.14474,2.121407
2023-09-15 20:00:00,2.139542,2.187732,2.191515,2.139542
2023-09-16 00:00:00,2.188178,2.201859,2.259172,2.188178
2023-09-16 04:00:00,2.196268,2.206567,2.217239,2.189278
2023-09-16 08:00:00,2.207595,2.209697,2.212699,2.188577
2023-09-16 12:00:00,2.201259,2.189258,2.207817,2.176536
2023-09-16 16:00:00,2.181871,2.183315,2.19727,2.178958
2023-09-16 20:00:00,2.18552,2.194442,2.198,2.182751
2023-09-17 00:00:00,2.191277,2.158186,2.191277,2.122793
2023-09-17 04:00:00,2.156755,2.153216,2.169801,2.153216
2023-09-17 08:00:00,2.153216,2.170755,2.183451,2.146856
2023-09-17 12:00:00,2.171215,2.150216,2.171992,2.147065
2023-09-17 16:00:00,2.146856,2.135699,2.146856,2.127156
2023-09-17 20:00:00,2.132683,2.13333,2.138714,2.104738
2023-09-18 00:00:00,2.133111,2.15346,2.163317,2.109231
2023-09-18 04:00:00,2.159849,2.148285,2.163317,2.14559
2023-09-18 08:00:00,2.150847,2.16933,2.180722,2.15042
2023-09-18 12:00:00,2.171043,2.1671,2.208016,2.154615
2023-09-18 16:00:00,2.169672,2.154247,2.18974,2.141253
2023-09-18 20:00:00,2.156178,2.167362,2.18199,2.152836
2023-09-19 00:00:00,2.162798,2.15413,2.17211,2.14
2023-09-19 04:00:00,2.1508,2.16148,2.167101,2.148448
2023-09-19 08:00:00,2.160853,2.165183,2.195116,2.154723
2023-09-19 12:00:00,2.166298,2.152623,2.174042,2.14172
2023-09-19 16:00:00,2.159849,2.156849,2.160192,2.14336
2023-09-19 20:00:00,2.156849,2.16006,2.16006,2.136333
2023-09-20 00:00:00,2.152179,2.150863,2.174498,2.144569
2023-09-20 04:00:00,2.14655,2.153419,2.153433,2.138044
2023-09-20 08:00:00,2.146866,2.135863,2.155632,2.121
2023-09-20 12:00:00,2.13379,2.121705,2.135534,2.107401
2023-09-20 16:00:00,2.12044,2.188757,2.203636,2.116549
2023-09-20 20:00:00,2.180954,2.108148,2.185892,2.0823
2023-09-21 00:00:00,2.10875,2.121091,2.140214,2.103564
2023-09-21 04:00:00,2.122487,2.117427,2.14347,2.105082
2023-09-21 08:00:00,2.111551,2.057464,2.112681,2.038266
2023-09-21 12:00:00,2.05578,2.05361,2.064409,2.04088
2023-09-21 16:00:00,2.049664,2.047346,2.057112,2.045464
2023-09-21 20:00:00,2.04823,2.05537,2.062895,2.031915
2023-09-22 00:00:00,2.05686,2.078009,2.081084,2.035452
2023-09-22 04:00:00,2.07801,2.091451,2.091451,2.076691
2023-09-22 08:00:00,2.087053,2.108103,2.108103,2.086861
2023-09-22 12:00:00,2.108103,2.113236,2.126995,2.095972
2023-09-22 16:00:00,2.1117,2.105802,2.117972,2.1002
2023-09-22 20:00:00,2.110467,2.127447,2.127791,2.100246
2023-09-23 00:00:00,2.127447,2.123918,2.138209,2.112222
2023-09-23 04:00:00,2.127921,2.13011,2.139416,2.126193
2023-09-23 08:00:00,2.129905,2.112241,2.12992,2.112222
2023-09-23 12:00:00,2.112252,2.043954,2.113806,2.042441
2023-09-23 16:00:00,2.043692,2.011749,2.044334,1.955986
2023-09-23 20:00:00,2.007166,2.003606,2.007166,1.99097
2023-09-24 00:00:00,1.999313,1.995193,2.00451,1.987391
2023-09-24 04:00:00,1.995919,1.98233,1.995919,1.948065
2023-09-24 08:00:00,1.98233,1.978256,1.986274,1.96987
2023-09-24 12:00:00,1.98047,1.971821,1.980952,1.968695
2023-09-24 16:00:00,1.976396,1.967461,1.983834,1.95579
2023-09-24 20:00:00,1.970394,1.956393,1.977997,1.944191
2023-09-25 00:00:00,1.952025,1.95369,1.978,1.93
2023-09-25 04:00:00,1.95369,1.98843,1.995334,1.95369
2023-09-25 08:00:00,1.990857,1.981049,2.00001,1.976781
2023-09-25 12:00:00,1.9788,1.986032,1.994689,1.974222
2023-09-25 16:00:00,1.99283,1.98757,2.005162,1.979928
2023-09-25 20:00:00,1.98757,1.985265,2.000686,1.982933
2023-09-26 00:00:00,1.985934,1.992101,1.99856,1.984805
2023-09-26 04:00:00,1.989351,1.972599,1.990469,1.970595
2023-09-26 08:00:00,1.9726,1.99,1.99,1.959112
2023-09-26 12:00:00,1.99023,1.978459,1.994152,1.97526
2023-09-26 16:00:00,1.982541,1.989259,1.99368,1.98113
2023-09-26 20:00:00,1.991366,1.994121,1.995821,1.968695
2023-09-27 00:00:00,1.993154,2.009194,2.023333,1.99091
2023-09-27 04:00:00,2.013011,2.011051,2.024408,2.0071
2023-09-27 08:00:00,2.011051,2.05,2.064631,2.00467
2023-09-27 12:00:00,2.049426,2.02261,2.064631,2.011165
2023-09-27 16:00:00,2.03104,2.052665,2.079907,2.025257
2023-09-27 20:00:00,2.051756,2.026753,2.057576,2.011165
2023-09-28 00:00:00,2.025892,2.00609,2.044399,2.003239
2023-09-28 04:00:00,2.006673,2.030368,2.031282,1.992
2023-09-28 08:00:00,2.031242,2.017669,2.031242,2.005986
2023-09-28 12:00:00,2.021209,2.09446,2.102599,2.011
2023-09-28 16:00:00,2.099616,2.073798,2.105096,2.060552
2023-09-28 20:00:00,2.078679,2.066621,2.08138,2.054572
2023-09-29 00:00:00,2.072248,2.077298,2.08047,2.043474
2023-09-29 04:00:00,2.075304,2.09846,2.107229,2.06927
2023-09-29 08:00:00,2.09846,2.06435,2.126995,2.055565
2023-09-29 12:00:00,2.059768,2.067128,2.075052,2.043157
2023-09-29 16:00:00,2.065025,2.0535,2.06556,2.049239
2023-09-29 20:00:00,2.057064,2.05957,2.067146,2.05015
2023-09-30 00:00:00,2.061973,2.04402,2.071122,2.038399
2023-09-30 04:00:00,2.049011,2.048016,2.059984,2.042884
2023-09-30 08:00:00,2.048526,2.047788,2.053489,2.044433
2023-09-30 12:00:00,2.04789,2.08203,2.10787,2.046285
2023-09-30 16:00:00,2.08438,2.08947,2.103875,2.08367
2023-09-30 20:00:00,2.09365,2.081713,2.102115,2.074341
2023-10-01 00:00:00,2.086557,2.098362,2.099196,2.086557
2023-10-01 04:00:00,2.097501,2.113726,2.143877,2.097501
2023-10-01 08:00:00,2.112207,2.137809,2.147065,2.10868
2023-10-01 12:00:00,2.134027,2.13665,2.14222,2.111386
2023-10-01 16:00:00,2.129521,2.119201,2.14701,2.11881
2023-10-01 20:00:00,2.11881,2.17469,2.188577,2.100001
2023-10-02 00:00:00,2.17178,2.172084,2.174498,2.154072
2023-10-02 04:00:00,2.168112,2.160617,2.168112,2.133819
2023-10-02 08:00:00,2.158806,2.14812,2.166567,2.146315
2023-10-02 12:00:00,2.158603,2.09534,2.162798,2.08521
2023-10-02 16:00:00,2.091785,2.084875,2.11739,2.051204
2023-10-02 20:00:00,2.08288,2.069205,2.083076,2.049239
2023-10-03 00:00:00,2.069369,2.085756,2.08756,2.06133
2023-10-03 04:00:00,2.085756,2.070283,2.11655,2.058442
2023-10-03 08:00:00,2.080797,2.050327,2.083081,2.04088
2023-10-03 12:00:00,2.04487,2.065524,2.077246,2.028318
2023-10-03 16:00:00,2.062404,2.044385,2.076378,2.044
2023-10-03 20:00:00,2.046459,2.03976,2.050011,2.02606
2023-10-04 00:00:00,2.035889,1.999198,2.035889,1.961503
2023-10-04 04:00:00,1.9988,2.009746,2.017737,1.991461
2023-10-04 08:00:00,2.01447,2.026885,2.034138,2.01447
2023-10-04 12:00:00,2.026886,2.025798,2.035,2.007936
2023-10-04 16:00:00,2.035255,2.035838,2.051204,2.022455
2023-10-04 20:00:00,2.031025,2.043965,2.05247,2.03091
2023-10-05 00:00:00,2.042276,2.029851,2.04601,2.022
2023-10-05 04:00:00,2.021032,2.03378,2.048011,2.017401
2023-10-05 08:00:00,2.03378,2.024035,2.041304,2.023333
2023-10-05 12:00:00,2.023333,1.995757,2.026085,1.982236
2023-10-05 16:00:00,1.99945,1.985974,2.005986,1.97263
2023-10-05 20:00:00,1.985974,1.976692,1.991925,1.97452
2023-10-06 00:00:00,1.979801,1.99822,1.9998,1.966342
2023-10-06 04:00:00,1.99623,2.008481,2.008481,1.984996
2023-10-06 08:00:00,2.005367,2.013098,2.04563,2.005367
2023-10-06 12:00:00,2.016662,2.011142,2.025094,1.987391
2023-10-06 16:00:00,2.019433,2.022684,2.030749,2.006431
2023-10-06 20:00:00,2.02202,2.033504,2.036769,2.021788
2023-10-07 00:00:00,2.035054,2.014719,2.038575,2.002723
2023-10-07 04:00:00,2.012719,2.005139,2.01883,2.0
2023-10-07 08:00:00,2.004127,2.005306,2.019488,1.99659
2023-10-07 12:00:00,2.002525,2.01932,2.01932,2.001809
2023-10-07 16:00:00,2.012989,1.99602,2.016121,1.99602
2023-10-07 20:00:00,1.996808,2.003404,2.007756,1.995928
2023-10-08 00:00:00,2.009194,2.015,2.015,1.999558
2023-10-08 04:00:00,2.014021,2.00738,2.014021,2.000312
2023-10-08 08:00:00,2.007814,1.982826,2.010315,1.977496
2023-10-08 12:00:00,1.98402,2.013202,2.019885,1.98402
2023-10-08 16:00:00,2.014083,2.015787,2.021032,2.000178
2023-10-08 20:00:00,2.015988,2.024838,2.030513,2.014774
2023-10-09 00:00:00,2.019,2.018194,2.01932,2.00134
2023-10-09 04:00:00,2.019488,1.993867,2.02035,1.993867
2023-10-09 08:00:00,1.998781,1.924653,1.998781,1.886246
2023-10-09 12:00:00,1.919395,1.905592,1.936214,1.905592
2023-10-09 16:00:00,1.905592,1.935247,1.940963,1.871939
2023-10-09 20:00:00,1.932844,1.925465,1.936961,1.91541
2023-10-10 00:00:00,1.931436,1.925132,1.937419,1.91468
2023-10-10 04:00:00,1.925132,1.950925,1.958207,1.92211
2023-10-10 08:00:00,1.956395,1.95825,1.967101,1.95376
2023-10-10 12:00:00,1.958457,1.920113,1.967169,1.91872
2023-10-10 16:00:00,1.925629,1.919328,1.92846,1.915774
2023-10-10 20:00:00,1.917785,1.92219,1.925394,1.897536
2023-10-11 00:00:00,1.925394,1.90559,1.933317,1.88
2023-10-11 04:00:00,1.90361,1.913706,1.919455,1.90361
2023-10-11 08:00:00,1.913706,1.93775,1.945336,1.904904
2023-10-11 12:00:00,1.94,1.919999,1.94,1.90367
2023-10-11 16:00:00,1.917881,1.926181,1.926211,1.904904
2023-10-11 20:00:00,1.921332,1.924161,1.92728,1.907726
2023-10-12 00:00:00,1.927661,1.901118,1.929503,1.901
2023-10-12 04:00:00,1.901,1.903753,1.91383,1.896495
2023-10-12 08:00:00,1.900555,1.87999,1.925131,1.862267
2023-10-12 12:00:00,1.882754,1.873029,1.884595,1.855691
2023-10-12 16:00:00,1.86857,1.85886,1.877221,1.843363
2023-10-12 20:00:00,1.857585,1.849376,1.857585,1.840589
2023-10-13 00:00:00,1.84508,1.842882,1.854784,1.839115
2023-10-13 04:00:00,1.84817,1.851479,1.858466,1.829309
2023-10-13 08:00:00,1.856569,1.851276,1.857616,1.841867
2023-10-13 12:00:00,1.854985,1.843645,1.869497,1.842017
2023-10-13 16:00:00,1.84502,1.844152,1.850038,1.841141
2023-10-13 20:00:00,1.847393,1.87738,1.887462,1.847393
2023-10-14 00:00:00,1.87509,1.874208,1.8782,1.86831
2023-10-14 04:00:00,1.874107,1.858021,1.876033,1.857585
2023-10-14 08:00:00,1.861496,1.865616,1.87107,1.85
2023-10-14 12:00:00,1.869156,1.87476,1.87476,1.86234
2023-10-14 16:00:00,1.871249,1.864719,1.876129,1.863691
2023-10-14 20:00:00,1.86484,1.852468,1.869,1.849696
2023-10-15 00:00:00,1.851522,1.851403,1.863691,1.845602
2023-10-15 04:00:00,1.857286,1.864015,1.874577,1.85
2023-10-15 08:00:00,1.863986,1.871696,1.876,1.8609
2023-10-15 12:00:00,1.872585,1.853631,1.872766,1.850053
2023-10-15 16:00:00,1.854736,1.860405,1.866766,1.854736
2023-10-15 20:00:00,1.860075,1.86801,1.878953,1.857685
2023-10-16 00:00:00,1.872104,1.894643,1.901,1.86874
2023-10-16 04:00:00,1.897196,1.90758,1.9244,1.891179
2023-10-16 08:00:00,1.9115,1.91245,1.916765,1.900003
2023-10-16 12:00:00,1.916519,1.892994,1.972101,1.889558
2023-10-16 16:00:00,1.89207,1.917388,1.927,1.89207
2023-10-16 20:00:00,1.914,1.92211,1.937419,1.906876
2023-10-17 00:00:00,1.92211,1.931,1.937999,1.920676
2023-10-17 04:00:00,1.92571,1.934336,1.938556,1.918772
2023-10-17 08:00:00,1.934763,1.944183,1.957028,1.932771
2023-10-17 12:00:00,1.946545,1.922122,1.946545,1.87643
2023-10-17 16:00:00,1.924016,1.9255,1.941719,1.908947
2023-10-17 20:00:00,1.9255,1.930191,1.933478,1.921202
2023-10-18 00:00:00,1.933478,1.937637,1.941719,1.931182
2023-10-18 04:00:00,1.936123,1.936162,1.963786,1.936123
2023-10-18 08:00:00,1.934587,1.953643,1.957865,1.929502
2023-10-18 12:00:00,1.957525,1.95424,1.971955,1.944162
2023-10-18 16:00:00,1.954436,1.94,1.968695,1.93129
2023-10-18 20:00:00,1.937566,1.90895,1.937566,1.90691
2023-10-19 00:00:00,1.906876,1.87155,1.91241,1.854808
2023-10-19 04:00:00,1.868942,1.891197,1.891197,1.86064
2023-10-19 08:00:00,1.890404,1.885516,1.890404,1.869497
2023-10-19 12:00:00,1.881056,1.919243,1.937419,1.881056
2023-10-19 16:00:00,1.919252,1.905049,1.927769,1.895901
2023-10-19 20:00:00,1.908343,1.90376,1.908343,1.888208
2023-10-20 00:00:00,1.903159,1.93129,1.945334,1.896551
2023-10-20 04:00:00,1.932651,1.927,1.942176,1.92211
2023-10-20 08:00:00,1.935475,1.962985,1.99456,1.935475
2023-10-20 12:00:00,1.962985,1.958224,1.96377,1.943629
2023-10-20 16:00:00,1.956864,1.971407,1.971506,1.94533
2023-10-20 20:00:00,1.968911,1.973093,1.979,1.964789
2023-10-21 00:00:00,1.970311,1.971956,1.97735,1.951633
2023-10-21 04:00:00,1.9669,1.985497,1.999118,1.95746
2023-10-21 08:00:00,1.98533,2.008001,2.01,1.97208
2023-10-21 12:00:00,2.005288,2.045406,2.051125,1.99788
2023-10-21 16:00:00,2.041871,2.084221,2.11,2.038756
2023-10-21 20:00:00,2.083901,2.07053,2.087458,2.06195
2023-10-22 00:00:00,2.061989,2.077246,2.083198,2.056119
2023-10-22 04:00:00,2.077246,2.10281,2.136911,2.07219
2023-10-22 08:00:00,2.10281,2.098093,2.118041,2.074486
2023-10-22 12:00:00,2.10061,2.08209,2.133874,2.07781
2023-10-22 16:00:00,2.090839,2.091204,2.114358,2.090839
2023-10-22 20:00:00,2.095809,2.123986,2.12629,2.0823
2023-10-23 00:00:00,2.12378,2.168888,2.177203,2.116368
2023-10-23 04:00:00,2.17331,2.1352,2.19669,2.122125
2023-10-23 08:00:00,2.139,2.176354,2.18699,2.129836
2023-10-23 12:00:00,2.174916,2.18007,2.218146,2.153433
2023-10-23 16:00:00,2.178198,2.156552,2.196462,2.130914
2023-10-23 20:00:00,2.154021,2.237963,2.247518,2.141975
2023-10-24 00:00:00,2.238985,2.253402,2.312182,2.227608
2023-10-24 04:00:00,2.267041,2.282309,2.293711,2.236753
2023-10-24 08:00:00,2.284177,2.322065,2.359933,2.284177
2023-10-24 12:00:00,2.337258,2.208631,2.366356,2.17301
2023-10-24 16:00:00,2.207,2.267796,2.267796,2.190659
2023-10-24 20:00:00,2.262487,2.28922,2.298368,2.233085
2023-10-25 00:00:00,2.292485,2.299757,2.34296,2.277436
2023-10-25 04:00:00,2.303059,2.273991,2.320669,2.25845
2023-10-25 08:00:00,2.278354,2.292971,2.309194,2.255011
2023-10-25 12:00:00,2.294426,2.390406,2.397687,2.294426
2023-10-25 16:00:00,2.386606,2.33816,2.400724,2.322065
2023-10-25 20:00:00,2.339486,2.361,2.361,2.320669
2023-10-26 00:00:00,2.359817,2.418031,2.432594,2.351065
2023-10-26 04:00:00,2.422264,2.454688,2.455852,2.392834
2023-10-26 08:00:00,2.451187,2.362782,2.46641,2.34283
2023-10-26 12:00:00,2.363901,2.314615,2.395867,2.270673
2023-10-26 16:00:00,2.31351,2.322314,2.33431,2.30684
2023-10-26 20:00:00,2.320669,2.310869,2.330635,2.297035
2023-10-27 00:00:00,2.310892,2.302013,2.3121,2.258174
2023-10-27 04:00:00,2.301377,2.281483,2.314869,2.276689
2023-10-27 08:00:00,2.281506,2.294972,2.323138,2.280267
2023-10-27 12:00:00,2.299672,2.310188,2.312129,2.269195
2023-10-27 16:00:00,2.305242,2.258914,2.308445,2.221814
2023-10-27 20:00:00,2.256902,2.295886,2.295886,2.254102
2023-10-28 00:00:00,2.28365,2.293138,2.305587,2.281483
2023-10-28 04:00:00,2.295671,2.295671,2.320767,2.290368
2023-10-28 08:00:00,2.293771,2.290334,2.317102,2.278581
2023-10-28 12:00:00,2.298756,2.314619,2.314619,2.261203
2023-10-28 16:00:00,2.305137,2.315255,2.336596,2.3
2023-10-28 20:00:00,2.315797,2.319196,2.337651,2.310869
2023-10-29 00:00:00,2.323089,2.279882,2.335458,2.276
2023-10-29 04:00:00,2.285659,2.311446,2.32,2.285659
2023-10-29 08:00:00,2.30912,2.31731,2.325812,2.304851
2023-10-29 12:00:00,2.319042,2.322977,2.33816,2.311656
2023-10-29 16:00:00,2.31858,2.3302,2.342464,2.31049
2023-10-29 20:00:00,2.3302,2.321243,2.351373,2.3177
2023-10-30 00:00:00,2.32392,2.299488,2.331143,2.291715
2023-10-30 04:00:00,2.302042,2.285665,2.308794,2.271935
2023-10-30 08:00:00,2.282605,2.349497,2.3495,2.277436
2023-10-30 12:00:00,2.34763,2.323289,2.352818,2.308794
2023-10-30 16:00:00,2.31695,2.317317,2.319257,2.266382
2023-10-30 20:00:00,2.31722,2.325723,2.329695,2.295671
2023-10-31 00:00:00,2.3253,2.291235,2.347595,2.291235
2023-10-31 04:00:00,2.293439,2.29111,2.32,2.286745
2023-10-31 08:00:00,2.286375,2.335003,2.33816,2.256956
2023-10-31 12:00:00,2.333382,2.21945,2.34,2.1726
2023-10-31 16:00:00,2.2199,2.240847,2.262532,2.21407
2023-10-31 20:00:00,2.247796,2.265585,2.265585,2.2308
2023-11-01 00:00:00,2.2614,2.227965,2.263628,2.223704
2023-11-01 04:00:00,2.223774,2.217873,2.235061,2.186914
2023-11-01 08:00:00,2.218432,2.210513,2.222628,2.186914
2023-11-01 12:00:00,2.202796,2.198578,2.249278,2.176536
2023-11-01 16:00:00,2.19178,2.310439,2.337772,2.19178
2023-11-01 20:00:00,2.312032,2.35082,2.388136,2.312032
2023-11-02 00:00:00,2.355739,2.447047,2.49396,2.34
2023-11-02 04:00:00,2.447244,2.420242,2.4722,2.398188
2023-11-02 08:00:00,2.41644,2.470657,2.506156,2.393577
2023-11-02 12:00:00,2.470657,2.34043,2.488535,2.337258
2023-11-02 16:00:00,2.34043,2.378895,2.388136,2.304686
2023-11-02 20:00:00,2.379427,2.344486,2.380933,2.32264
2023-11-03 00:00:00,2.34472,2.304951,2.345766,2.251004
2023-11-03 04:00:00,2.298859,2.365612,2.38,2.283172
2023-11-03 08:00:00,2.3648,2.348857,2.377861,2.318287
2023-11-03 12:00:00,2.34119,2.370665,2.402581,2.319125
2023-11-03 16:00:00,2.368808,2.351977,2.381485,2.3177
2023-11-03 20:00:00,2.346664,2.3962,2.417567,2.346664
2023-11-04 00:00:00,2.393577,2.388478,2.414599,2.380284
2023-11-04 04:00:00,2.391509,2.422879,2.43073,2.38289
2023-11-04 08:00:00,2.419419,2.420053,2.44034,2.39876
2023-11-04 12:00:00,2.419138,2.384732,2.45332,2.374721
2023-11-04 16:00:00,2.384021,2.38182,2.40908,2.3794
2023-11-04 20:00:00,2.383851,2.430736,2.453393,2.381428
2023-11-05 00:00:00,2.42749,2.468236,2.468237,2.408162
2023-11-05 04:00:00,2.46213,2.477273,2.487,2.447005
2023-11-05 08:00:00,2.4816,2.498292,2.50147,2.45395
2023-11-05 12:00:00,2.493689,2.443051,2.52885,2.420661
2023-11-05 16:00:00,2.4351,2.486805,2.50032,2.43358
2023-11-05 20:00:00,2.474172,2.484638,2.504955,2.429611
2023-11-06 00:00:00,2.483212,2.541021,2.542792,2.46318
2023-11-06 04:00:00,2.540181,2.535736,2.541203,2.461892
2023-11-06 08:00:00,2.53555,2.614205,2.637615,2.53364
2023-11-06 12:00:00,2.617284,2.575536,2.627331,2.574226
2023-11-06 16:00:00,2.575674,2.579835,2.585072,2.551526
2023-11-06 20:00:00,2.579836,2.576563,2.59018,2.545
2023-11-07 00:00:00,2.58266,2.528125,2.58266,2.487336
2023-11-07 04:00:00,2.528125,2.532156,2.550192,2.506993
2023-11-07 08:00:00,2.529467,2.493324,2.551984,2.464872
2023-11-07 12:00:00,2.49423,2.42781,2.496074,2.402426
2023-11-07 16:00:00,2.42792,2.494434,2.498835,2.397302
2023-11-07 20:00:00,2.49867,2.485875,2.527069,2.471137
2023-11-08 00:00:00,2.482673,2.493088,2.493088,2.457129
2023-11-08 04:00:00,2.493088,2.541544,2.54963,2.493088
2023-11-08 08:00:00,2.54423,2.54594,2.610429,2.542684
2023-11-08 12:00:00,2.54456,2.546799,2.564064,2.525
2023-11-08 16:00:00,2.545128,2.692816,2.698548,2.545128
2023-11-08 20:00:00,2.689001,2.641508,2.6978,2.627847
2023-11-09 00:00:00,2.64173,2.717349,2.719343,2.626739
2023-11-09 04:00:00,2.715548,2.695908,2.748104,2.694267
2023-11-09 08:00:00,2.69964,2.764023,2.76612,2.69964
2023-11-09 12:00:00,2.764162,2.723958,2.798865,2.693304
2023-11-09 16:00:00,2.733511,2.50343,2.737728,2.353187
2023-11-09 20:00:00,2.501028,2.637028,2.65104,2.444823
2023-11-10 00:00:00,2.645955,2.67224,2.70854,2.612815
2023-11-10 04:00:00,2.675329,2.656292,2.710178,2.631416
2023-11-10 08:00:00,2.656578,2.68397,2.698728,2.593417
2023-11-10 12:00:00,2.679183,2.59681,2.681001,2.5468
2023-11-10 16:00:00,2.593602,2.66198,2.664284,2.590069
2023-11-10 20:00:00,2.664269,2.70966,2.734754,2.65
2023-11-11 00:00:00,2.71295,2.622623,2.72906,2.616
2023-11-11 04:00:00,2.616376,2.615905,2.649154,2.572501
2023-11-11 08:00:00,2.627568,2.617182,2.663264,2.608702
2023-11-11 12:00:00,2.617486,2.703699,2.718208,2.606264
2023-11-11 16:00:00,2.703613,2.76314,2.76314,2.699756
2023-11-11 20:00:00,2.754243,2.670852,2.754243,2.634869
2023-11-12 00:00:00,2.672942,2.656818,2.683657,2.574989
2023-11-12 04:00:00,2.654258,2.754351,2.760463,2.63452
2023-11-12 08:00:00,2.759941,2.837942,2.87061,2.738711
2023-11-12 12:00:00,2.838902,2.840751,2.93067,2.797258
2023-11-12 16:00:00,2.843728,2.906791,2.91584,2.817065
2023-11-12 20:00:00,2.90661,2.86918,2.940877,2.854272
2023-11-13 00:00:00,2.869756,2.768851,2.972049,2.761256
2023-11-13 04:00:00,2.770574,2.820278,2.839282,2.769888
2023-11-13 08:00:00,2.824138,2.737258,2.843337,2.710791
2023-11-13 12:00:00,2.740977,2.77237,2.795049,2.675078
2023-11-13 16:00:00,2.7764,2.7279,2.798036,2.678
2023-11-13 20:00:00,2.72652,2.568018,2.759612,2.559883
2023-11-14 00:00:00,2.56715,2.616278,2.6288,2.518104
2023-11-14 04:00:00,2.623148,2.643594,2.658001,2.61043
2023-11-14 08:00:00,2.650939,2.562944,2.657137,2.543948
2023-11-14 12:00:00,2.571521,2.618143,2.690562,2.55015
2023-11-14 16:00:00,2.62668,2.56219,2.62877,2.450001
2023-11-14 20:00:00,2.560052,2.60075,2.638537,2.560052
2023-11-15 00:00:00,2.612654,2.626,2.692706,2.612654
2023-11-15 04:00:00,2.625999,2.706857,2.7729,2.625116
2023-11-15 08:00:00,2.72338,2.75384,2.759718,2.7108
2023-11-15 12:00:00,2.755,2.892356,2.897215,2.7233
2023-11-15 16:00:00,2.88711,3.057039,3.092981,2.871448
2023-11-15 20:00:00,3.058209,3.040943,3.064095,2.969777
2023-11-16 00:00:00,3.038462,3.234874,3.329564,3.022372
2023-11-16 04:00:00,3.241415,3.176333,3.274594,3.160387
2023-11-16 08:00:00,3.18016,3.18274,3.28,3.127102
2023-11-16 12:00:00,3.181809,3.1408,3.240929,3.011138
2023-11-16 16:00:00,3.140801,2.961675,3.155619,2.88
2023-11-16 20:00:00,2.960797,2.875504,2.9727,2.836
2023-11-17 00:00:00,2.87707,3.017015,3.08132,2.87523
2023-11-17 04:00:00,3.017017,3.01436,3.1114,2.998396
2023-11-17 08:00:00,3.013281,2.988252,3.109259,2.910368
2023-11-17 12:00:00,2.992923,2.787381,3.00373,2.770625
2023-11-17 16:00:00,2.790628,2.972144,3.032195,2.776144
2023-11-17 20:00:00,2.980311,2.973033,3.001196,2.91724
2023-11-18 00:00:00,2.973289,2.876738,2.975,2.871421
2023-11-18 04:00:00,2.880323,2.839457,2.907046,2.753171
2023-11-18 08:00:00,2.837133,2.834466,2.877427,2.819596
2023-11-18 12:00:00,2.834083,2.840659,2.848564,2.737419
2023-11-18 16:00:00,2.845914,2.921557,2.977425,2.842134
2023-11-18 20:00:00,2.921664,2.97978,2.981518,2.906241
2023-11-19 00:00:00,2.97688,2.923825,2.984086,2.858939
2023-11-19 04:00:00,2.9076,3.061081,3.099235,2.906893
2023-11-19 08:00:00,3.06395,2.983281,3.072499,2.959334
2023-11-19 12:00:00,2.995048,3.09101,3.096196,2.965403
2023-11-19 16:00:00,3.091,3.384012,3.4,3.047714
2023-11-19 20:00:00,3.389386,3.427195,3.4544,3.339165
2023-11-20 00:00:00,3.435859,3.503853,3.58607,3.394459
2023-11-20 04:00:00,3.502476,3.636339,3.64989,3.465349
2023-11-20 08:00:00,3.644759,3.682716,3.734886,3.57125
2023-11-20 12:00:00,3.69,3.464042,3.710404,3.383869
2023-11-20 16:00:00,3.467514,3.372881,3.499271,3.361729
2023-11-20 20:00:00,3.37424,3.482587,3.509779,3.307503
2023-11-21 00:00:00,3.470509,3.41374,3.47847,3.338513
2023-11-21 04:00:00,3.408094,3.449893,3.47847,3.404128
2023-11-21 08:00:00,3.447726,3.383362,3.549,3.359166
2023-11-21 12:00:00,3.376725,3.281892,3.390332,3.181304
2023-11-21 16:00:00,3.280172,3.336294,3.344105,3.113698
2023-11-21 20:00:00,3.331268,3.216778,3.5572,3.216778
2023-11-22 00:00:00,3.227917,3.532086,3.541384,3.21872
2023-11-22 04:00:00,3.532602,3.683925,3.76999,3.503951
2023-11-22 08:00:00,3.678213,3.62793,3.810347,3.573196
2023-11-22 12:00:00,3.631103,3.407172,3.660603,3.403752
2023-11-22 16:00:00,3.406171,3.482741,3.487559,3.371397
2023-11-22 20:00:00,3.481866,3.416383,3.504,3.41
2023-11-23 00:00:00,3.424538,3.365668,3.485713,3.348
2023-11-23 04:00:00,3.364818,3.406023,3.44888,3.34193
2023-11-23 08:00:00,3.405297,3.498613,3.501958,3.387414
2023-11-23 12:00:00,3.497114,3.390157,3.524434,3.383706
2023-11-23 16:00:00,3.38797,3.352224,3.39868,3.349227
2023-11-23 20:00:00,3.357905,3.363086,3.41112,3.348841
2023-11-24 00:00:00,3.368945,3.454851,3.48,3.352048
2023-11-24 04:00:00,3.450001,3.514835,3.51715,3.415886
2023-11-24 08:00:00,3.51709,3.435341,3.557617,3.435341
2023-11-24 12:00:00,3.437559,3.606999,3.613344,3.432992
2023-11-24 16:00:00,3.607999,3.592058,3.661084,3.564784
2023-11-24 20:00:00,3.590684,3.605221,3.628,3.531762
2023-11-25 00:00:00,3.601734,3.658617,3.660402,3.566746
2023-11-25 04:00:00,3.658278,3.722329,3.784266,3.635114
2023-11-25 08:00:00,3.727359,3.689123,3.766048,3.659073
2023-11-25 12:00:00,3.692225,3.647525,3.745647,3.629566
2023-11-25 16:00:00,3.646724,3.649117,3.680094,3.623884
2023-11-25 20:00:00,3.649602,3.638171,3.670079,3.611521
2023-11-26 00:00:00,3.63888,3.601015,3.646992,3.585618
2023-11-26 04:00:00,3.5995,3.551908,3.60507,3.543481
2023-11-26 08:00:00,3.554414,3.5015,3.561619,3.489722
2023-11-26 12:00:00,3.501935,3.4562,3.511249,3.438825
2023-11-26 16:00:00,3.455602,3.461026,3.472583,3.370098
2023-11-26 20:00:00,3.455152,3.436709,3.473722,3.434575
2023-11-27 00:00:00,3.443115,3.379217,3.473907,3.355367
2023-11-27 04:00:00,3.383346,3.298854,3.39163,3.273324
2023-11-27 08:00:00,3.303588,3.261814,3.33267,3.243264
2023-11-27 12:00:00,3.254704,3.268435,3.371505,3.254453
2023-11-27 16:00:00,3.273324,3.233778,3.335454,3.191296
2023-11-27 20:00:00,3.231938,3.291016,3.298491,3.196781
2023-11-28 00:00:00,3.291012,3.301963,3.336753,3.28424
2023-11-28 04:00:00,3.306392,3.244694,3.316669,3.20716
2023-11-28 08:00:00,3.239038,3.332131,3.333506,3.206399
2023-11-28 12:00:00,3.329984,3.286817,3.33839,3.24991
2023-11-28 16:00:00,3.289406,3.381957,3.39276,3.2615
2023-11-28 20:00:00,3.384725,3.404425,3.42872,3.376286
2023-11-29 00:00:00,3.405307,3.397222,3.422862,3.378345
2023-11-29 04:00:00,3.391505,3.477502,3.533201,3.368
2023-11-29 08:00:00,3.478092,3.376725,3.514149,3.37435
2023-11-29 12:00:00,3.376263,3.326044,3.428944,3.285108
2023-11-29 16:00:00,3.324906,3.360778,3.377318,3.30705
2023-11-29 20:00:00,3.359603,3.350337,3.364189,3.328955
2023-11-30 00:00:00,3.350337,3.379257,3.385608,3.319399
2023-11-30 04:00:00,3.379222,3.334042,3.391112,3.295356
2023-11-30 08:00:00,3.333585,3.355115,3.357305,3.293316
2023-11-30 12:00:00,3.354231,3.292439,3.358448,3.26929
2023-11-30 16:00:00,3.292036,3.313419,3.335814,3.281033
2023-11-30 20:00:00,3.311397,3.310343,3.336333,3.296934
2023-12-01 00:00:00,3.310187,3.334184,3.349674,3.2708
2023-12-01 04:00:00,3.335702,3.332,3.350653,3.30709
2023-12-01 08:00:00,3.335372,3.394838,3.426711,3.317
2023-12-01 12:00:00,3.399658,3.339867,3.402463,3.316
2023-12-01 16:00:00,3.338631,3.360396,3.380435,3.32247
2023-12-01 20:00:00,3.363899,3.421085,3.456533,3.346011
2023-12-02 00:00:00,3.42753,3.516437,3.534826,3.413497
2023-12-02 04:00:00,3.523301,3.557407,3.587443,3.490525
2023-12-02 08:00:00,3.56365,3.5514,3.616429,3.541608
2023-12-02 12:00:00,3.55223,3.65303,3.653377,3.55223
2023-12-02 16:00:00,3.65303,3.648861,3.7077,3.601295
2023-12-02 20:00:00,3.649998,3.64489,3.661118,3.595733
2023-12-03 00:00:00,3.648469,3.686379,3.736152,3.648469
2023-12-03 04:00:00,3.684048,3.719911,3.75,3.672944
2023-12-03 08:00:00,3.714311,3.856711,3.911093,3.714311
2023-12-03 12:00:00,3.865713,3.890503,3.976016,3.786597
2023-12-03 16:00:00,3.894926,3.866195,3.929217,3.813195
2023-12-03 20:00:00,3.867782,3.810319,3.96432,3.805479
2023-12-04 00:00:00,3.81373,3.808809,3.907441,3.792858
2023-12-04 04:00:00,3.809939,3.797544,3.922882,3.779521
2023-12-04 08:00:00,3.79888,3.69779,3.828429,3.561019
2023-12-04 12:00:00,3.701622,3.666734,3.759331,3.623528
2023-12-04 16:00:00,3.671021,3.709062,3.728574,3.660136
2023-12-04 20:00:00,3.710058,3.742175,3.743929,3.675188
2023-12-05 00:00:00,3.74284,3.662937,3.791018,3.639074
2023-12-05 04:00:00,3.659998,3.576074,3.721722,3.54358
2023-12-05 08:00:00,3.579942,3.561019,3.601682,3.53253
2023-12-05 12:00:00,3.559957,3.604078,3.604078,3.512461
2023-12-05 16:00:00,3.601124,3.674,3.716717,3.579942
2023-12-05 20:00:00,3.67571,4.051843,4.154457,3.62736
2023-12-06 00:00:00,4.05981,3.873828,4.05981,3.849359
2023-12-06 04:00:00,3.875419,3.77893,3.887,3.760348
2023-12-06 08:00:00,3.789036,3.725396,3.8304,3.665133
2023-12-06 12:00:00,3.725235,3.707682,3.78756,3.691884
2023-12-06 16:00:00,3.70637,3.75034,3.75236,3.665133
2023-12-06 20:00:00,3.747029,3.655646,3.764233,3.627785
2023-12-07 00:00:00,3.665133,3.805502,3.836595,3.642689
2023-12-07 04:00:00,3.8,3.801145,3.88,3.788539
2023-12-07 08:00:00,3.802237,3.684094,3.816076,3.638739
2023-12-07 12:00:00,3.688074,3.746742,3.777124,3.663506
2023-12-07 16:00:00,3.743126,3.682058,3.862948,3.664056
2023-12-07 20:00:00,3.687383,3.739327,3.754,3.678559
2023-12-08 00:00:00,3.73934,3.79464,3.80096,3.706593
2023-12-08 04:00:00,3.790277,3.783265,3.87157,3.771507
2023-12-08 08:00:00,3.7814,3.831009,3.867347,3.744895
2023-12-08 12:00:00,3.830718,3.80815,3.877029,3.801484
2023-12-08 16:00:00,3.810477,3.844233,3.844233,3.75917
2023-12-08 20:00:00,3.844819,3.849,3.8722,3.828544
2023-12-09 00:00:00,3.850204,3.846304,3.924389,3.83371
2023-12-09 04:00:00,3.84841,3.895415,3.922643,3.82309
2023-12-09 08:00:00,3.902835,3.836092,3.935,3.71516
2023-12-09 12:00:00,3.837395,3.815429,3.853942,3.755533
2023-12-09 16:00:00,3.817726,3.82465,3.832128,3.727924
2023-12-09 20:00:00,3.822008,3.882918,3.921923,3.766157
2023-12-10 00:00:00,3.884697,4.283602,4.291959,3.862562
2023-12-10 04:00:00,4.285832,4.06608,4.35,4.039619
2023-12-10 08:00:00,4.067004,4.072766,4.100457,3.946911
2023-12-10 12:00:00,4.083601,4.213279,4.285425,4.083601
2023-12-10 16:00:00,4.223157,4.318712,4.381446,4.169372
2023-12-10 20:00:00,4.327277,4.390018,4.47,4.312425
2023-12-11 00:00:00,4.394254,4.485423,4.675945,3.884129
2023-12-11 04:00:00,4.476,4.277015,4.495,4.21104
2023-12-11 08:00:00,4.282478,4.669185,4.694777,4.2194
2023-12-11 12:00:00,4.673078,4.565526,4.735798,4.43889
2023-12-11 16:00:00,4.559152,4.490068,4.658035,4.384963
2023-12-11 20:00:00,4.48465,4.523945,4.671899,4.40852
2023-12-12 00:00:00,4.539503,4.834769,4.950403,4.497968
2023-12-12 04:00:00,4.834161,4.728794,4.852703,4.693326
2023-12-12 08:00:00,4.731958,4.720624,4.7566,4.635922
2023-12-12 12:00:00,4.739538,4.209384,4.82,4.197874
2023-12-12 16:00:00,4.211143,4.296871,4.334608,4.120039
2023-12-12 20:00:00,4.29699,4.228608,4.320849,4.198951
2023-12-13 00:00:00,4.231848,4.02497,4.252314,4.0
2023-12-13 04:00:00,4.021482,4.100898,4.122198,3.933483
2023-12-13 08:00:00,4.105413,4.268507,4.28055,4.088412
2023-12-13 12:00:00,4.265112,4.344601,4.398271,4.233571
2023-12-13 16:00:00,4.343466,4.491441,4.523525,4.256096
2023-12-13 20:00:00,4.492335,4.370239,4.496944,4.34426
2023-12-14 00:00:00,4.37793,4.273474,4.4,4.244018
2023-12-14 04:00:00,4.276725,4.280888,4.314285,4.187006
2023-12-14 08:00:00,4.282575,4.333299,4.409478,4.21805
2023-12-14 12:00:00,4.330209,4.224266,4.3421,4.047689
2023-12-14 16:00:00,4.210624,4.277126,4.364701,4.210622
2023-12-14 20:00:00,4.284114,4.318935,4.387346,4.259919
2023-12-15 00:00:00,4.331326,4.213649,4.337003,4.205729
2023-12-15 04:00:00,4.213649,4.177664,4.240508,4.16898
2023-12-15 08:00:00,4.19444,4.230916,4.313055,4.175872
2023-12-15 12:00:00,4.23793,4.112863,4.240797,4.056686
2023-12-15 16:00:00,4.111613,4.188578,4.217153,4.083122
2023-12-15 20:00:00,4.18768,4.017774,4.21104,3.999157
2023-12-16 00:00:00,4.016426,4.111992,4.119654,3.964032
2023-12-16 04:00:00,4.112136,4.098094,4.157981,4.074698
2023-12-16 08:00:00,4.1,4.114823,4.130274,4.0625
2023-12-16 12:00:00,4.115245,4.169438,4.172895,4.083122
2023-12-16 16:00:00,4.16394,4.105499,4.204521,4.0775
2023-12-16 20:00:00,4.102199,4.059287,4.129936,4.024257
2023-12-17 00:00:00,4.058585,4.002268,4.095018,3.995148
2023-12-17 04:00:00,4.008163,3.921052,4.036281,3.916707
2023-12-17 08:00:00,3.922286,3.969402,3.985707,3.922286
2023-12-17 12:00:00,3.964649,3.933031,3.968536,3.872985
2023-12-17 16:00:00,3.935391,3.935059,3.974134,3.888158
2023-12-17 20:00:00,3.938456,3.777316,3.952332,3.759377
2023-12-18 00:00:00,3.77943,3.685023,3.811499,3.6535
2023-12-18 04:00:00,3.690858,3.572007,3.693774,3.554434
2023-12-18 08:00:00,3.573682,3.523138,3.596756,3.412719
2023-12-18 12:00:00,3.522731,3.593878,3.639273,3.500849
2023-12-18 16:00:00,3.600828,3.593139,3.636945,3.573569
2023-12-18 20:00:00,3.603893,3.703443,3.716248,3.57125
2023-12-19 00:00:00,3.706788,3.722542,3.81328,3.692094
2023-12-19 04:00:00,3.73,3.744683,3.757004,3.6672
2023-12-19 08:00:00,3.747696,3.690723,3.76578,3.662186
2023-12-19 12:00:00,3.690723,3.671802,3.729391,3.611944
2023-12-19 16:00:00,3.669941,3.623253,3.704383,3.5525
2023-12-19 20:00:00,3.621357,3.60163,3.643245,3.56767
2023-12-20 00:00:00,3.59695,3.659014,3.685507,3.585543
2023-12-20 04:00:00,3.659057,3.74925,3.783245,3.657476
2023-12-20 08:00:00,3.757003,3.734866,3.795,3.703588
2023-12-20 12:00:00,3.733388,3.823969,3.846459,3.706862
2023-12-20 16:00:00,3.819905,3.797545,3.840097,3.763886
2023-12-20 20:00:00,3.792767,3.720377,3.822741,3.693983
2023-12-21 00:00:00,3.723254,3.79535,3.815256,3.697017
2023-12-21 04:00:00,3.795308,3.814253,3.82737,3.762392
2023-12-21 08:00:00,3.818472,3.898161,3.944729,3.80456
2023-12-21 12:00:00,3.899261,3.801525,3.919753,3.771
2023-12-21 16:00:00,3.803151,3.827249,3.886803,3.784865
2023-12-21 20:00:00,3.826152,3.815029,3.874725,3.798756
2023-12-22 00:00:00,3.820281,3.868014,3.951278,3.818
2023-12-22 04:00:00,3.869839,3.903561,3.988421,3.827726
2023-12-22 08:00:00,3.90447,4.019959,4.104208,3.90447
2023-12-22 12:00:00,4.019115,4.00089,4.045763,3.92954
2023-12-22 16:00:00,4.010021,4.09384,4.203943,4.007898
2023-12-22 20:00:00,4.094818,4.22031,4.224503,4.089598
2023-12-23 00:00:00,4.221907,3.990164,4.250271,3.97986
2023-12-23 04:00:00,3.994133,4.037676,4.072573,3.973252
2023-12-23 08:00:00,4.040729,3.975287,4.075574,3.961935
2023-12-23 12:00:00,3.979065,4.028451,4.042849,3.9786
2023-12-23 16:00:00,4.02318,4.061144,4.16012,4.0112
2023-12-23 20:00:00,4.063602,4.03564,4.078728,4.018058
2023-12-24 00:00:00,4.036161,4.0739,4.128053,3.997376
2023-12-24 04:00:00,4.076203,4.111134,4.150939,4.016957
2023-12-24 08:00:00,4.11295,4.068826,4.178862,4.012598
2023-12-24 12:00:00,4.058135,4.147552,4.172745,4.058135
2023-12-24 16:00:00,4.157557,4.207991,4.237009,4.142145
2023-12-24 20:00:00,4.206277,4.07873,4.206277,3.981196
2023-12-25 00:00:00,4.0988,4.158376,4.172136,4.055013
2023-12-25 04:00:00,4.166922,4.17735,4.256999,4.165794
2023-12-25 08:00:00,4.182742,4.101702,4.229834,4.093678
2023-12-25 12:00:00,4.101842,4.141472,4.165143,4.074024
2023-12-25 16:00:00,4.141472,4.026153,4.14562,4.017347
2023-12-25 20:00:00,4.028327,4.049272,4.078784,3.956488
2023-12-26 00:00:00,4.059834,4.059633,4.073131,4.0112
2023-12-26 04:00:00,4.060955,3.980998,4.1,3.915351
2023-12-26 08:00:00,3.976718,3.998363,4.005,3.912
2023-12-26 12:00:00,3.994795,3.865176,4.042849,3.859871
2023-12-26 16:00:00,3.868598,3.803986,3.90733,3.61986
2023-12-26 20:00:00,3.803821,3.858837,3.8828,3.790887
2023-12-27 00:00:00,3.859847,3.771754,3.903561,3.74025
2023-12-27 04:00:00,3.765475,3.872978,3.885885,3.765475
2023-12-27 08:00:00,3.87502,4.028348,4.0583,3.861705
2023-12-27 12:00:00,4.02667,4.193531,4.257,3.994311
2023-12-27 16:00:00,4.19444,4.266633,4.366746,4.190869
2023-12-27 20:00:00,4.267399,4.152594,4.31,4.144462
2023-12-28 00:00:00,4.164338,4.262005,4.344015,4.15802
2023-12-28 04:00:00,4.262194,4.30263,4.345308,4.157401
2023-12-28 08:00:00,4.30263,4.395036,4.4528,4.251631
2023-12-28 12:00:00,4.386614,4.12912,4.425,4.062
2023-12-28 16:00:00,4.135043,4.11743,4.202269,4.083668
2023-12-28 20:00:00,4.116713,4.044424,4.13458,4.022069
2023-12-29 00:00:00,4.049082,4.027091,4.0775,3.925781
2023-12-29 04:00:00,4.027493,3.944948,4.055533,3.934062
2023-12-29 08:00:00,3.948355,4.125214,4.153049,3.947395
2023-12-29 12:00:00,4.128313,3.954703,4.153049,3.914747
2023-12-29 16:00:00,3.960617,3.899973,3.9825,3.827
2023-12-29 20:00:00,3.896514,3.895,3.896514,3.765358
2023-12-30 00:00:00,3.887416,3.9008,3.970668,3.87051
2023-12-30 04:00:00,3.9008,3.867152,3.924336,3.865
2023-12-30 08:00:00,3.864714,3.815582,3.873924,3.786326
2023-12-30 12:00:00,3.814271,3.955695,3.959106,3.808573
2023-12-30 16:00:00,3.953751,3.867277,3.959,3.867277
2023-12-30 20:00:00,3.871633,3.852936,3.890544,3.824818
2023-12-31 00:00:00,3.86182,3.816273,3.883739,3.791089
2023-12-31 04:00:00,3.813415,3.88472,3.8925,3.806593
2023-12-31 08:00:00,3.889559,3.857883,3.908433,3.84543
2023-12-31 12:00:00,3.853445,3.999616,4.047745,3.845439
2023-12-31 16:00:00,3.998011,3.996501,4.058222,3.968
2023-12-31 20:00:00,3.99707,3.863454,4.037899,3.73914
2024-01-01 00:00:00,3.860383,3.909837,3.956417,3.852936
2024-01-01 04:00:00,3.89907,3.920964,3.93365,3.85652
2024-01-01 08:00:00,3.921071,3.881792,3.929309,3.863382
2024-01-01 12:00:00,3.885975,3.92959,3.935703,3.863836
2024-01-01 16:00:00,3.933439,4.048215,4.063097,3.925949
2024-01-01 20:00:00,4.053728,4.078478,4.098424,4.01189
2024-01-02 00:00:00,4.0901,4.115246,4.15,4.05536
2024-01-02 04:00:00,4.120662,4.139105,4.139105,4.095019
2024-01-02 08:00:00,4.13702,4.025074,4.218,4.007565
2024-01-02 12:00:00,4.024886,3.925595,4.041644,3.901931
2024-01-02 16:00:00,3.924241,3.920494,3.948432,3.891978
2024-01-02 20:00:00,3.914304,3.896359,3.937966,3.869765
2024-01-03 00:00:00,3.896359,3.963627,3.972227,3.872985
2024-01-03 04:00:00,3.95669,3.90656,3.99,3.8874
2024-01-03 08:00:00,3.901172,3.81963,3.971625,3.803
2024-01-03 12:00:00,3.814697,3.561019,3.814697,3.116012
2024-01-03 16:00:00,3.55406,3.47917,3.587404,3.426012
2024-01-03 20:00:00,3.477663,3.48645,3.54334,3.468601
2024-01-04 00:00:00,3.48645,3.514031,3.523722,3.419481
2024-01-04 04:00:00,3.516975,3.574,3.64117,3.516975
2024-01-04 08:00:00,3.57447,3.572252,3.595939,3.5
2024-01-04 12:00:00,3.569911,3.678053,3.683643,3.568884
2024-01-04 16:00:00,3.678218,3.605248,3.680832,3.571459
2024-01-04 20:00:00,3.60576,3.619237,3.659284,3.601757
2024-01-05 00:00:00,3.623828,3.504781,3.679546,3.45605
2024-01-05 04:00:00,3.51141,3.494695,3.5271,3.471242
2024-01-05 08:00:00,3.500076,3.41335,3.519302,3.407822
2024-01-05 12:00:00,3.41335,3.321418,3.423011,3.274018
2024-01-05 16:00:00,3.326075,3.301,3.393256,3.214176
2024-01-05 20:00:00,3.302846,3.433695,3.43945,3.302846
2024-01-06 00:00:00,3.433232,3.475995,3.506123,3.412724
2024-01-06 04:00:00,3.478395,3.427762,3.491872,3.287709
2024-01-06 08:00:00,3.430116,3.49803,3.556795,3.42
2024-01-06 12:00:00,3.498443,3.50094,3.57592,3.427651
2024-01-06 16:00:00,3.501186,3.437017,3.505366,3.402423
2024-01-06 20:00:00,3.439268,3.464,3.484425,3.3985
2024-01-07 00:00:00,3.462677,3.533836,3.547926,3.456542
2024-01-07 04:00:00,3.535079,3.494075,3.574452,3.494075
2024-01-07 08:00:00,3.50169,3.48,3.52985,3.455292
2024-01-07 12:00:00,3.48037,3.446881,3.524561,3.424937
2024-01-07 16:00:00,3.444472,3.450016,3.481438,3.4067
2024-01-07 20:00:00,3.44276,3.305726,3.455266,3.27
2024-01-08 00:00:00,3.304507,3.134043,3.304507,3.076145
2024-01-08 04:00:00,3.135,3.347026,3.385052,3.114827
2024-01-08 08:00:00,3.34478,3.32962,3.365275,3.246118
2024-01-08 12:00:00,3.344668,3.386027,3.42,3.3245
2024-01-08 16:00:00,3.388617,3.420467,3.462076,3.330711
2024-01-08 20:00:00,3.42258,3.35876,3.42258,3.336509
2024-01-09 00:00:00,3.357387,3.30765,3.368793,3.25924
2024-01-09 04:00:00,3.30765,3.335226,3.359241,3.296
2024-01-09 08:00:00,3.335128,3.304152,3.351901,3.244339
2024-01-09 12:00:00,3.30117,3.208145,3.312302,3.11957
2024-01-09 16:00:00,3.210032,3.195872,3.232977,3.163109
2024-01-09 20:00:00,3.198746,3.321509,3.365521,3.129096
2024-01-10 00:00:00,3.324036,3.424732,3.456533,3.315801
2024-01-10 04:00:00,3.427109,3.391682,3.475468,3.38655
2024-01-10 08:00:00,3.394834,3.643979,3.69663,3.347982
2024-01-10 12:00:00,3.642321,3.646593,3.68648,3.443439
2024-01-10 16:00:00,3.649167,3.667735,3.708337,3.587635
2024-01-10 20:00:00,3.668039,3.868187,3.92613,3.579426
2024-01-11 00:00:00,3.861705,3.902235,3.903941,3.809358
2024-01-11 04:00:00,3.889677,3.965993,3.968922,3.819849
2024-01-11 08:00:00,3.965503,3.997544,4.011607,3.874164
2024-01-11 12:00:00,3.996561,3.854844,4.059499,3.804379
2024-01-11 16:00:00,3.852266,4.022905,4.042075,3.765775
2024-01-11 20:00:00,4.01812,3.949558,4.04,3.879102
2024-01-12 00:00:00,3.949558,3.842041,3.949558,3.817716
2024-01-12 04:00:00,3.842041,3.848,3.904911,3.821848
2024-01-12 08:00:00,3.84276,3.933954,3.980893,3.804272
2024-01-12 12:00:00,3.931979,3.861705,4.0559,3.83534
2024-01-12 16:00:00,3.866416,3.818384,3.935556,3.715
2024-01-12 20:00:00,3.819082,3.748785,3.880975,3.579284
2024-01-13 00:00:00,3.746237,3.693168,3.798,3.619823
2024-01-13 04:00:00,3.693908,3.741609,3.757004,3.692962
2024-01-13 08:00:00,3.748047,3.701485,3.769411,3.675413
2024-01-13 12:00:00,3.70065,3.764704,3.779575,3.68545
2024-01-13 16:00:00,3.76358,3.765547,3.772587,3.708101
2024-01-13 20:00:00,3.756117,3.753605,3.778755,3.732
2024-01-14 00:00:00,3.756118,3.703518,3.756118,3.692094
2024-01-14 04:00:00,3.704041,3.702044,3.73725,3.648155
2024-01-14 08:00:00,3.701327,3.693465,3.755457,3.677821
2024-01-14 12:00:00,3.691111,3.703499,3.703588,3.6535
2024-01-14 16:00:00,3.696886,3.584134,3.710804,3.58
2024-01-14 20:00:00,3.586004,3.542611,3.64825,3.526101
2024-01-15 00:00:00,3.540476,3.593842,3.623055,3.533354
2024-01-15 04:00:00,3.606838,3.590559,3.642001,3.572793
2024-01-15 08:00:00,3.591573,3.65536,3.68349,3.575358
2024-01-15 12:00:00,3.657668,3.562988,3.689371,3.558511
2024-01-15 16:00:00,3.560186,3.609683,3.628695,3.526101
2024-01-15 20:00:00,3.611393,3.546772,3.625574,3.523007
2024-01-16 00:00:00,3.550798,3.61476,3.6174,3.54764
2024-01-16 04:00:00,3.61476,3.578384,3.61911,3.555698
2024-01-16 08:00:00,3.575358,3.598345,3.628176,3.56767
2024-01-16 12:00:00,3.59991,3.555364,3.615708,3.449305
2024-01-16 16:00:00,3.548888,3.574645,3.582468,3.526101
2024-01-16 20:00:00,3.576329,3.63549,3.650345,3.571024
2024-01-17 00:00:00,3.634583,3.600723,3.659813,3.600565
2024-01-17 04:00:00,3.601735,3.54825,3.615708,3.543959
2024-01-17 08:00:00,3.550233,3.586938,3.608704,3.530098
2024-01-17 12:00:00,3.583964,3.55049,3.583964,3.511456
2024-01-17 16:00:00,3.546395,3.5858,3.59984,3.5271
2024-01-17 20:00:00,3.584581,3.585046,3.617812,3.56163
2024-01-18 00:00:00,3.58365,3.52633,3.586749,3.511213
2024-01-18 04:00:00,3.520597,3.560714,3.57235,3.508309
2024-01-18 08:00:00,3.555591,3.47,3.579764,3.461528
2024-01-18 12:00:00,3.467757,3.453025,3.483249,3.426257
2024-01-18 16:00:00,3.449057,3.296436,3.459051,3.271552
2024-01-18 20:00:00,3.30004,3.357291,3.373578,3.296934
2024-01-19 00:00:00,3.365217,3.330428,3.37439,3.273723
2024-01-19 04:00:00,3.33267,3.377168,3.413136,3.33267
2024-01-19 08:00:00,3.378714,3.374583,3.4076,3.367393
2024-01-19 12:00:00,3.37273,3.304416,3.388158,3.29468
2024-01-19 16:00:00,3.296934,3.335476,3.356205,3.171
2024-01-19 20:00:00,3.339369,3.354299,3.362643,3.325142
2024-01-20 00:00:00,3.35078,3.332536,3.372534,3.318285
2024-01-20 04:00:00,3.332461,3.314025,3.337386,3.305
2024-01-20 08:00:00,3.312302,3.268515,3.317353,3.257316
2024-01-20 12:00:00,3.267528,3.272358,3.293034,3.253992
2024-01-20 16:00:00,3.270018,3.272624,3.310622,3.252199
2024-01-20 20:00:00,3.266254,3.321645,3.340657,3.266254
2024-01-21 00:00:00,3.308803,3.31355,3.33267,3.285861
2024-01-21 04:00:00,3.312255,3.310006,3.314773,3.29117
2024-01-21 08:00:00,3.310005,3.314646,3.338936,3.293034
2024-01-21 12:00:00,3.313305,3.354307,3.392078,3.312152
2024-01-21 16:00:00,3.353247,3.339148,3.367475,3.322548
2024-01-21 20:00:00,3.33607,3.278999,3.34,3.273959
2024-01-22 00:00:00,3.278382,3.248441,3.312044,3.220335
2024-01-22 04:00:00,3.247936,3.320853,3.348,3.205928
2024-01-22 08:00:00,3.313452,3.25,3.329379,3.239922
2024-01-22 12:00:00,3.243537,3.314565,3.40952,3.216805
2024-01-22 16:00:00,3.3193,3.238464,3.326767,3.187207
2024-01-22 20:00:00,3.241801,3.199126,3.334831,3.19487
2024-01-23 00:00:00,3.207947,3.228102,3.233778,3.151
2024-01-23 04:00:00,3.228065,3.150288,3.242869,3.134715
2024-01-23 08:00:00,3.150288,3.037456,3.165931,2.980744
2024-01-23 12:00:00,3.034098,3.092085,3.111148,2.986202
2024-01-23 16:00:00,3.091567,3.046533,3.125586,3.033418
2024-01-23 20:00:00,3.039608,3.110194,3.110365,3.037253
2024-01-24 00:00:00,3.10682,3.072844,3.13999,3.066743
2024-01-24 04:00:00,3.077397,3.129907,3.143166,3.067239
2024-01-24 08:00:00,3.134085,3.183641,3.21452,3.134085
2024-01-24 12:00:00,3.185115,3.160753,3.196942,3.13193
2024-01-24 16:00:00,3.16232,3.150501,3.207979,3.118762
2024-01-24 20:00:00,3.152181,3.202913,3.215881,3.124488
2024-01-25 00:00:00,3.204062,3.162785,3.221514,3.151143
2024-01-25 04:00:00,3.161819,3.182292,3.182784,3.108335
2024-01-25 08:00:00,3.182854,3.159052,3.186,3.157392
